Feed_T,Feed_P,Feed_Flow,Feed_Benzene,Feed_Toluene,Dist_T,Dist_P,Dist_Flow,Dist_Benzene,Dist_Toluene,Bottom_T,Bottom_P,Bottom_Flow,Bottom_Benzene,Bottom_Toluene
367.182733497616,101325,1.4339796704549483,0.6004316157476356,0.3995683842523644,352.8956023699295,101325.0,0.48649937925024195,0.9957603645932817,0.004239635406718427,369.0650775877636,101325.0,0.9474802961491868,0.37482729977516216,0.6251727002248378
368.3193212674419,101325,1.6509131326718023,0.20351318865613635,0.7964868113438637,358.07037445112553,101325.0,0.38206028657272545,0.764454433428059,0.2355455665719409,383.2276151978473,101325.0,1.2688529071235017,0.012735166074648634,0.9872648339253514
354.4504128429595,101325,2.131794987825982,0.37081294944587095,0.629187050554129,353.00906442952737,101325.0,0.49172949093774404,0.9902977727460425,0.00970222725395749,376.9835091560228,101325.0,1.6400651813808451,0.1573454016359401,0.8426545983640598
355.2158438671148,101325,0.5298739105974405,0.24802280378388492,0.751977196216115,354.5930278733482,101325.0,0.11898332984809509,0.9158753033095497,0.0841246966904503,382.7028870227791,101325.0,0.41089051702043927,0.024123282922803274,0.9758767170771967
375.8246679298026,101325,1.1371343545406498,0.3348122900826692,0.6651877099173308,355.97084801834967,101325.0,0.3955784756777977,0.8539743703223629,0.14602562967763708,383.01556302535147,101325.0,0.7415561483969176,0.017321770904515317,0.9826782290954846
361.18800554374326,101325,1.4815633568688897,0.7801503972471826,0.2198496027528174,352.84242300517917,101325.0,0.5115464826233346,0.998330806241121,0.001669193758878936,360.7483449024151,101325.0,0.9700168793373255,0.6580628518573063,0.34193714814269366
366.58067364641727,101325,2.069203280621204,0.21668882749273516,0.7833111725072648,357.0025589348421,101325.0,0.4769772515383427,0.8092855291754673,0.19071447082453283,383.13783672716465,101325.0,1.592226210244754,0.014674466497415184,0.9853255335025848
375.27541765498137,101325,2.5909446908488363,0.7938188983458967,0.2061811016541033,352.84182512844944,101325.0,0.9767486826614578,0.9983597417474351,0.001640258252564803,360.6298469857645,101325.0,1.6141960158499349,0.6625911123917683,0.33740888760823173
338.26210786849316,101325,1.6630945438836204,0.21798717084823124,0.7820128291517687,355.84840377270933,101325.0,0.35575625076522877,0.8593782533924973,0.14062174660750257,382.9971938036,101325.0,1.307338463002547,0.017720054265988976,0.982279945734011
373.8347114930297,101325,1.6350920740843269,0.6437879446124362,0.35621205538756384,352.88556758448294,101325.0,0.6070913046163335,0.9962450567840956,0.003754943215904413,367.79898477891595,101325.0,1.0280007823964914,0.41389057517173866,0.5861094248282612
369.1824833082978,101325,2.5253598387857394,0.27562462686702066,0.7243753731329794,353.8035253303822,101325.0,0.5908894812987524,0.9525084186813955,0.0474915813186045,382.2024516190973,101325.0,1.9344679967843255,0.0351034596737323,0.9648965403262678
378.0520016427512,101325,0.7131674285299587,0.20613441600608814,0.7938655839939118,362.0487311190475,101325.0,0.21986239544628264,0.6092990049663435,0.3907009950336566,383.43235984726806,101325.0,0.493305034951224,0.008326878448167804,0.9916731215518322
352.83457694159296,101325,1.928991232264267,0.4467028961709095,0.5532971038290905,352.9368995891273,101325.0,0.4489615956955106,0.9937687021923864,0.006231297807613475,373.0903714212461,101325.0,1.4800295831941284,0.25887755488840786,0.7411224451115922
341.987618672979,101325,2.283508581824912,0.21966426498001407,0.780335735019986,355.8677690159218,101325.0,0.49338559364474166,0.8585233010090123,0.1414766989909877,383.00016936674706,101325.0,1.7901232354656624,0.017655528379105497,0.9823444716208946
336.85993236758145,101325,1.3438214529448067,0.20037034024450473,0.7996296597554953,357.09832035809205,101325.0,0.28591712883334697,0.805207567885778,0.19479243211422204,383.14705129288427,101325.0,1.05790441816225,0.014475238620254665,0.9855247613797453
345.57706986056263,101325,0.6782303050964618,0.3863166913499727,0.6136833086500273,352.9837544049817,101325.0,0.15349366215012722,0.9915155485480093,0.008484451451990716,375.93924664424065,101325.0,0.5247365757318273,0.18364470205321132,0.8163552979467886
362.2845166161317,101325,1.129128693159975,0.5451997430165838,0.4548002569834162,352.89257231585896,101325.0,0.27257087396649177,0.995906759095461,0.004093240904538957,368.6957816363285,101325.0,0.856557816900215,0.38608319112880785,0.6139168088711922
331.8389056229071,101325,2.7432411802432526,0.22144623799267127,0.7785537620073287,355.38902224973293,101325.0,0.5772336732275282,0.8797989384768571,0.12020106152314282,382.916864668454,101325.0,2.166008010052031,0.01946344145010902,0.980536558549891
373.22493240507106,101325,2.1056909270617803,0.6313575586911481,0.36864244130885193,352.89065212672426,101325.0,0.7803504409136662,0.9959994325243157,0.004000567475684414,368.45642636270475,101325.0,1.3253405038392139,0.39344519793057364,0.6065548020694264
357.24493450041905,101325,2.179824393366878,0.5781831974873948,0.4218168025126052,352.8810631711604,101325.0,0.521894095844487,0.9964627341900991,0.0035372658099008256,367.18846923274566,101325.0,1.6579302996704937,0.4332053201591553,0.5667946798408446
359.1524216469524,101325,2.8563784852999174,0.4169589278468149,0.5830410721531851,352.9608253387971,101325.0,0.672113456937576,0.992618437195825,0.007381562804174982,374.72278066172345,101325.0,2.1842648005368943,0.21512735444642242,0.7848726455535775
374.52129144785374,101325,0.964753152438499,0.7204660143234443,0.27953398567655574,352.8599245904744,101325.0,0.3609774010925965,0.9974843635113162,0.0025156364886838784,363.9478558860677,101325.0,0.6037757590214156,0.5412844167411054,0.4587155832588946
375.8097425552559,101325,2.5667367520843896,0.6505331256689826,0.3494668743310174,352.8831162343855,101325.0,0.9558657476577478,0.9963634908113412,0.0036365091886587323,367.47009047791676,101325.0,1.610871023922338,0.4242543882989711,0.5757456117010288
333.85176016599274,101325,2.868006744011083,0.279140003013935,0.720859996986065,353.33140576235576,101325.0,0.6147777582697771,0.9748504934622605,0.02514950653773951,381.16673753566045,101325.0,2.2532270791039943,0.058221809419548846,0.9417781905804512
355.80453038365107,101325,1.9117010685418927,0.7115871223828105,0.2884128776171895,352.84859044075836,101325.0,0.4635122110767906,0.998032503497993,0.001967496502007031,361.93290932995785,101325.0,1.4481888622044796,0.6135793522081263,0.38642064779187374
359.7953225189012,101325,2.8906875636750167,0.5090072055767365,0.4909927944232635,352.90632423418583,101325.0,0.6903925912470666,0.9952428681764952,0.004757131823504801,370.28314742152594,101325.0,2.2002949276702486,0.3384615900425395,0.6615384099574604
362.6570102472562,101325,0.7711905872710605,0.25192017694109703,0.748079823058903,354.61609707107664,101325.0,0.1766423107798478,0.9148176159920524,0.08518238400794766,382.7113219932234,101325.0,0.594548228310854,0.023939248783708313,0.9760607512162915
340.1606023637562,101325,2.429641890960302,0.2870343530628885,0.7129656469371115,353.28773868119725,101325.0,0.5302470435643796,0.9769332645198442,0.023066735480155864,380.95710903715997,101325.0,1.899392877770619,0.0629654456433695,0.9370345543566305
375.5658217696952,101325,0.6337583821962823,0.7433433847907849,0.2566566152092151,352.853799522009,101325.0,0.23791292904698697,0.9977805474928977,0.002219452507102302,362.8844258318414,101325.0,0.39584545696942264,0.5789228344595704,0.42107716554042973
334.67971510737897,101325,2.894581302662574,0.5765464517906811,0.4234535482093189,352.8792712136244,101325.0,0.655942029766704,0.9965493229880763,0.003450677011923639,366.93813738199657,101325.0,2.23863927517074,0.44121713716930955,0.5587828628306905
378.57583054084677,101325,1.6416892363557456,0.6418593298008446,0.3581406701991554,352.8868791910345,101325.0,0.6129452102982313,0.9961816923052724,0.0038183076947275645,367.97173317825127,101325.0,1.0287440392571887,0.40848317197731926,0.5915168280226807
337.49522521492315,101325,0.7152223685869095,0.6363950167453494,0.3636049832546506,352.8637410708703,101325.0,0.16443472237688778,0.997299916710574,0.0027000832894259748,364.5806028287765,101325.0,0.5507876475711361,0.5194069442199858,0.48059305578001416
378.0967843655999,101325,1.0783833998688355,0.37956785369473633,0.6204321463052637,354.4820051388863,101325.0,0.389379199785595,0.9209677183463418,0.07903228165365825,382.6594917285488,101325.0,0.6890042346759085,0.025070907674130005,0.97492909232587
342.24179328850164,101325,1.9079791576252567,0.5888482540651367,0.41115174593486326,352.87643707068935,101325.0,0.4410569941353073,0.996686269873661,0.003313730126338961,366.5332758324508,101325.0,1.4669221662475367,0.45428795658526294,0.5457120434147371
374.8529112526383,101325,1.6724805794017952,0.3266502514774723,0.6733497485225277,354.9828031205186,101325.0,0.5289213812991838,0.8981002709165988,0.10189972908340122,382.82417708562303,101325.0,1.1435598849064057,0.021479730079587683,0.9785202699204123
351.9147890755392,101325,2.016465854571216,0.472454765396808,0.527545234603192,352.9219723471001,101325.0,0.47002481523531503,0.9944890329827154,0.00551096701728461,371.8321686734374,101325.0,1.546440956014415,0.2938452087883076,0.7061547912116923
356.88815362677104,101325,0.8862404816852163,0.5335620098401044,0.4664379901598956,352.89605788065876,101325.0,0.2108275817059103,0.9957384336954789,0.004261566304521198,369.11939716196053,101325.0,0.6754128963104331,0.37317971934943367,0.6268202806505663
331.44184379810997,101325,2.3244731964940417,0.483734476172025,0.516265523827975,352.9123594872797,101325.0,0.5160688848042045,0.9949524112168606,0.005047588783139323,370.9101957171689,101325.0,1.8084042393461273,0.32018625380868826,0.6798137461913117
341.13694645341,101325,1.0160834083055867,0.5946799377287174,0.4053200622712826,352.8747047954979,101325.0,0.23442743122095852,0.9967699822213825,0.0032300177786175393,366.28037428823984,101325.0,0.7816559787351216,0.46252643695710294,0.5374735630428972
353.82934695147054,101325,2.96769260519604,0.22611158944074417,0.7738884105592558,355.86015869499965,101325.0,0.6619874761260177,0.8588588875170354,0.1411411124829646,382.999005032735,101325.0,2.30570549602175,0.017680792368445743,0.9823192076315542
344.52920285563914,101325,0.6310853724414316,0.49102362190902343,0.5089763780909766,352.9114584162158,101325.0,0.1448327952382054,0.994995560225008,0.005004439774991996,370.81952873960756,101325.0,0.486252559456231,0.32281046316118656,0.6771895368388134
368.5408851893401,101325,1.5787128398029198,0.3599457491559249,0.6400542508440751,353.04088015336737,101325.0,0.3762683297984671,0.988767563261124,0.01123243673887599,377.97375879210927,101325.0,1.2024439780807878,0.13300091482055298,0.8669990851794469
345.24093165336893,101325,1.2065484855061661,0.5853367732481924,0.41466322675180756,352.8777232873532,101325.0,0.28082191777343946,0.9966241160927419,0.003375883907258137,366.7183703377979,101325.0,0.9257265693198715,0.44829408335574134,0.5517059166442586
372.23596487133983,101325,1.9045838799967971,0.34200863620384747,0.6579913637961525,353.2806092283348,101325.0,0.5208519268166792,0.9772730833885601,0.022726916611439833,380.9188454629964,101325.0,1.3837300555617258,0.06383388836869719,0.9361661116313027
334.59265066201476,101325,2.0170199066527523,0.7287587752067981,0.2712412247932019,352.84450197304443,101325.0,0.4659968124568402,0.998230264237671,0.0017697357623289256,361.15475161654206,101325.0,1.5510230980997983,0.6426292738392119,0.3573707261607881
377.2818566133434,101325,2.31835206938735,0.7186566019297069,0.28134339807029307,352.8606050853547,101325.0,0.8701822001717583,0.997451461814832,0.0025485381851678905,364.06239329534077,101325.0,1.4481698880922824,0.5372969744055679,0.46270302559443216
363.52029362972206,101325,1.5689291227093045,0.6875908479808497,0.3124091520191503,352.86281208456273,101325.0,0.5123883514273663,0.9973447990461937,0.0026552009538062253,364.42870091656255,101325.0,1.0565407788158576,0.5246244236615031,0.47537557633849686
370.2872216794348,101325,2.858249012869917,0.6612763293358808,0.33872367066411924,352.87853388209203,101325.0,1.0584017658945315,0.996584905156908,0.0034150948430919283,366.83391898665116,101325.0,1.7998472669329617,0.4445640816043884,0.5554359183956116
338.9744433702235,101325,1.5724785679409892,0.361968819793709,0.638031180206291,353.0101435135641,101325.0,0.34843643887838427,0.9902464748268167,0.009753525173183198,377.02190751883086,101325.0,1.2240419138767082,0.15639126586057137,0.8436087341394286
333.80142089221727,101325,1.9175088660308666,0.7191501750432583,0.2808498249567417,352.84622885400574,101325.0,0.4416251344184715,0.9981467309317031,0.0018532690682969719,361.48686946682847,101325.0,1.4758837357013825,0.630151850476722,0.3698481495232781
356.0946910773898,101325,0.7457868319915218,0.5402525364250629,0.4597474635749371,352.89349425335445,101325.0,0.17722153389887504,0.9958622370905745,0.004137762909425459,368.8092747318455,101325.0,0.5685652960377648,0.38261209310674005,0.6173879068932601
377.37935147410553,101325,1.1374601350444293,0.2703768178707037,0.7296231821292962,359.3627711958525,101325.0,0.3913598555663859,0.7120590487821233,0.2879409512178766,383.3098398953557,101325.0,0.746100309134559,0.010962628794159258,0.9890373712058407
361.0431551031315,101325,1.386152032051517,0.6127541116971935,0.3872458883028065,352.87151436446175,101325.0,0.3363432828164097,0.9969241708709761,0.0030758291290239035,365.8035676961191,101325.0,1.0498087521296173,0.478213449646077,0.521786550353923
347.899617544022,101325,2.7833362902533754,0.3457554520966136,0.6542445479033864,353.0464819293588,101325.0,0.6283910384414977,0.9884992373871786,0.011500762612821434,378.11897516185843,101325.0,2.154944376450652,0.1294793271713761,0.8705206728286239
340.08593997893087,101325,1.2997274890955457,0.24441833774328392,0.7555816622567161,354.3428190083407,101325.0,0.2805078538193656,0.9273932169819455,0.0726067830180544,382.59697784934156,101325.0,1.0192188532945485,0.026437111076275437,0.9735628889237246
371.7374704186741,101325,2.824993617991545,0.48401689203574677,0.5159831079642532,353.0011086564317,101325.0,1.0011911305719616,0.9906745467836326,0.00932545321636733,376.68851199656797,101325.0,1.8238007834252072,0.164704956282291,0.8352950437177089
355.7767905334169,101325,2.1294635350677993,0.33728654840013195,0.662713451599868,353.0770602775609,101325.0,0.4893287107850157,0.9870251667354937,0.01297483326450639,378.8011907204826,101325.0,1.6401341017636353,0.11309167704662657,0.8869083229533734
344.44166792128976,101325,1.4371494895161483,0.39051455525755313,0.6094854447424469,352.9786887221992,101325.0,0.3245853756804844,0.9917593126268677,0.008240687373132298,375.69528182026653,101325.0,1.1125639794606232,0.18988438684442066,0.8101156131555795
379.95346535230817,101325,2.48698184410697,0.2014498056382591,0.7985501943617409,364.58007920845756,101325.0,0.8979211762232977,0.5194234723290951,0.4805765276709049,383.5155687614091,101325.0,1.5890606651986146,0.006541032117857762,0.9934589678821423
342.6188986653284,101325,1.1731119790612752,0.728425355169295,0.27157464483070504,352.8448631696274,101325.0,0.27622156720340124,0.9982127921954782,0.0017872078045218561,361.2246178730983,101325.0,0.8968904141961783,0.6399940427781121,0.36000595722188794
338.23639845722147,101325,1.7182516676710864,0.6613661515208034,0.33863384847919664,352.85808346663225,101325.0,0.39699340046771225,0.997573451930804,0.002426548069195966,363.6338171679101,101325.0,1.3212582701509525,0.5522729764666067,0.44772702353339333
368.3637877358699,101325,1.6651146301014985,0.2421588277518108,0.7578411722481893,355.353402979795,101325.0,0.38654152518198315,0.8813942878502979,0.11860571214970209,382.90970544648803,101325.0,1.2785735037983337,0.01961903593912805,0.9803809640608719
332.2587481655782,101325,2.3962688598473667,0.4647168072326367,0.5352831927673634,352.9216190647527,101325.0,0.53158982794612,0.994505434559396,0.005494565440603996,371.8009640345763,101325.0,1.8646789831903603,0.2947224860126198,0.7052775139873801
371.2465907583395,101325,2.539780454726573,0.7801869257693517,0.21981307423064833,352.84470485615196,101325.0,0.9517255188384839,0.9982204306313004,0.001779569368699647,361.1940338320635,101325.0,1.5880549451215207,0.6411429978340857,0.35885700216591426
363.225080011737,101325,0.9301800321173449,0.48230843176813026,0.5176915682318697,352.91946405138253,101325.0,0.2232414697894744,0.9946095563711287,0.005390443628871373,371.6012988359747,101325.0,0.7069385277265541,0.30038295074480087,0.6996170492551992
348.51147758314215,101325,0.5162970077039124,0.7526431347162958,0.24735686528370415,352.8407688656454,101325.0,0.12365574186230567,0.9984108593409522,0.001589140659047685,360.4192964844961,101325.0,0.39264126663390586,0.6706890727773781,0.32931092722262195
347.7692091093978,101325,0.656126845647331,0.7050500797726098,0.2949499202273902,352.84950361456094,101325.0,0.15593883144001972,0.9979883359919524,0.00201166400804766,362.1029266944048,101325.0,0.5001880158853858,0.6073190092872566,0.3926809907127434
364.6660407864765,101325,2.7211446097848104,0.6288839080386592,0.37111609196134077,352.8780817163678,101325.0,0.845899358472248,0.9966067497871443,0.0033932502128557885,366.7698835163069,101325.0,1.8752452690985153,0.44663715983958496,0.553362840160415
375.19262743849845,101325,1.7285936279082053,0.24006971387244463,0.7599302861275554,357.2208550989825,101325.0,0.45286237883301284,0.8000024001874729,0.1999975998125271,383.15846045574034,101325.0,1.2757313983338667,0.014228643127058769,0.9857713568729413
376.0415344868968,101325,0.8951189268957578,0.3927507883140994,0.6072492116859006,353.98557077087264,101325.0,0.32285588522284486,0.9439871525779929,0.056012847422007024,382.37472716975395,101325.0,0.5722616557743161,0.03131153126676472,0.9686884687332352
347.58595178962423,101325,2.371259628678681,0.7125134587808977,0.28748654121910233,352.8480465777216,101325.0,0.5638435631207835,0.9980588087124439,0.0019411912875561786,361.8310182797762,101325.0,1.807416071221881,0.617346648077053,0.382653351922947
378.5581241282297,101325,2.95063421785721,0.4649797364821599,0.53502026351784,353.0701859147647,101325.0,1.0800060656436914,0.9873507337571943,0.012649266242805804,378.665421216992,101325.0,1.8706261311498449,0.1163310030844965,0.8836689969155036
347.4617613508109,101325,2.035725452946888,0.24245047335408254,0.7575495266459175,354.6518366402993,101325.0,0.447627052522571,0.9131809596853769,0.08681904031462309,382.72401458506005,101325.0,1.5880982388870364,0.02366226711419956,0.9763377328858004
342.7892752651184,101325,2.1921963948315,0.35947863647952294,0.6405213635204771,353.0168583674249,101325.0,0.4901248850076548,0.9899234389447378,0.010076561055262162,377.2545071601621,101325.0,1.7020711633281789,0.1506271167337942,0.8493728832662057
339.96007387809976,101325,0.7355217013577224,0.6746572898140167,0.32534271018598326,352.85531166300217,101325.0,0.17092756975729725,0.9977074492399626,0.0022925507600373507,363.152445639793,101325.0,0.5645941339566778,0.569335628624766,0.43066437137523395
377.22046307042814,101325,0.7629475064323028,0.5354503729432871,0.4645496270567129,352.9509401696703,101325.0,0.28139447755959685,0.9930900560005089,0.00690994399949104,374.10421575320396,101325.0,0.4815530077615979,0.2315030985300083,0.7684969014699917
365.8709675789651,101325,2.1448390715396473,0.2603904315503467,0.7396095684496533,354.3002310762673,101325.0,0.49608496143955955,0.9293618721375898,0.07063812786241018,382.57575785566337,101325.0,1.6487528433219174,0.026901515607595586,0.9730984843924044
340.3706749957035,101325,1.8787801306688174,0.5496907620507883,0.45030923794921174,352.8882320265803,101325.0,0.43017759248316145,0.996116409967665,0.0038835900323349647,368.14721187618755,101325.0,1.4486025357089694,0.4030105071237191,0.5969894928762809
362.72350264748667,101325,2.1916700718982964,0.2981975162444352,0.7018024837555648,353.30864411321215,101325.0,0.5074603188767309,0.9759356514523335,0.024064348547666505,381.062557170717,101325.0,1.6842081225750618,0.06057671452031784,0.9394232854796821
332.86962606578726,101325,1.7690158560719091,0.6950331402508525,0.3049668597491475,352.8507995368383,101325.0,0.4052575860443596,0.9979256579781894,0.002074342021810481,362.3418593397248,101325.0,1.363758274739089,0.5985725992739019,0.40142740072609806
373.55745664946966,101325,0.7847768668313253,0.25314245956018894,0.746857540439811,355.1262142156496,101325.0,0.18827716582641987,0.8916119199276614,0.10838808007233848,382.85991991669613,101325.0,0.596499892104305,0.0207013986166386,0.9792986013833613
354.5314746156025,101325,1.9655835253078888,0.4283771385086026,0.5716228614913974,352.9499395023779,101325.0,0.4580979804809095,0.9931403778298392,0.006859622170160867,374.03402677290006,101325.0,1.507485478642293,0.23337000091018467,0.7666299990898152
372.46718798081963,101325,1.3334963178859325,0.7457035327977195,0.2542964672022805,352.853039788565,101325.0,0.4988563436878967,0.9978172882531456,0.0021827117468543383,362.7484021490726,101325.0,0.8346399819928747,0.5838196138754863,0.41618038612451375
354.90887605862133,101325,1.2791036735293153,0.48592831396508784,0.5140716860349122,352.915869997629,101325.0,0.30091873969415833,0.9947828451315242,0.005217154868475948,371.2584465428587,101325.0,0.978184891355784,0.3101633320205375,0.6898366679794625
376.0249566290697,101325,2.7411924759243647,0.36326471317423337,0.6367352868257666,355.1154812447086,101325.0,0.985685826325924,0.8920949944309802,0.10790500556901973,382.85740208656586,101325.0,1.7555075043414092,0.020756493229717708,0.9792435067702823
357.9093203972354,101325,1.3627432960359671,0.5471663028353312,0.4528336971646688,352.8912839323616,101325.0,0.3255494591603247,0.9959689885141539,0.004031011485846066,368.5354065426768,101325.0,1.0371938345228648,0.3910063473520607,0.6089936526479394
341.0927592712587,101325,1.118282028608944,0.644533355495088,0.35546664450491205,352.8620629576565,101325.0,0.25959956688686997,0.9973810453539678,0.0026189546460323528,364.3048531854878,101325.0,0.8586824638272101,0.5288893415269831,0.471110658473017
337.73040764204984,101325,1.923622304093255,0.6332018787236968,0.3667981212763032,352.8645193751484,101325.0,0.4423258732487304,0.9972622909337086,0.002737709066291354,364.7070590350147,101325.0,1.4812964345486308,0.515082624762296,0.484917375237704
335.7104115879281,101325,1.0669134234966329,0.38074627379305015,0.6192537262069499,352.98446814422067,101325.0,0.2353781777602026,0.9914815563832833,0.008518443616716638,375.97225513671435,101325.0,0.831535142643696,0.18280347820089438,0.8171965217991055
349.63331289385457,101325,2.471322333715161,0.44618957093843115,0.5538104290615689,352.9363002572045,101325.0,0.5706175460977367,0.9937976291134233,0.006202370886576734,373.0436402561679,101325.0,1.900704720117943,0.26015641829021724,0.7398435817097828
348.4832394224179,101325,1.7562848797074855,0.4298055818626344,0.5701944181373656,352.9468212974657,101325.0,0.40334005018585134,0.9932906977657494,0.00670930223425063,373.8202416599413,101325.0,1.3529447733836095,0.23909640837878116,0.7609035916212188
365.9915643326971,101325,1.4304833923945193,0.6019190643982855,0.39808093560171454,352.8895490236474,101325.0,0.4558795140290501,0.9960527499671152,0.003947250032884676,368.31636564877044,101325.0,0.9746038828701786,0.39776700163511525,0.6022329983648849
336.9957919738641,101325,2.12264927152085,0.6041143913631642,0.39588560863683575,352.8718004608581,101325.0,0.4854325010570861,0.9969103456572285,0.003089654342771487,365.8469347757636,101325.0,1.6372167742825194,0.47677923715826576,0.5232207628417342
350.3431462348819,101325,2.7864088078200155,0.3183775701525255,0.6816224298474745,353.12978734427816,101325.0,0.6288798586508154,0.9844921801580375,0.015507819841962442,379.64261140830695,101325.0,2.157527603801259,0.09323351693796941,0.9067664830620304
338.78662294857236,101325,2.536577720296173,0.563135136792966,0.436864863207034,352.8837350266399,101325.0,0.5795659329442703,0.9963336551730181,0.0036663448269819675,367.55378713526744,101325.0,1.957011786301927,0.4216127797307507,0.5783872202692493
344.3380635462388,101325,0.525804377472165,0.4217294013831072,0.5782705986168928,352.9512732515607,101325.0,0.11936720837896532,0.9930762815318012,0.006923718468198805,374.1230130813466,101325.0,0.40643715139313213,0.23099541253787612,0.7690045874621239
375.1242022411319,101325,2.46785421901809,0.7155962025525382,0.2844037974474618,352.8613496712992,101325.0,0.9236510534035532,0.997415460846506,0.0025845391534940853,364.1869281513831,101325.0,1.544203186392053,0.5329765561970945,0.4670234438029054
351.24397225324026,101325,2.421265769302174,0.4175741073782881,0.5824258926217118,352.957050656132,101325.0,0.5587545679370388,0.9927978678035367,0.00720213219646318,374.4949957715167,101325.0,1.8625111127016567,0.22112515266894325,0.7788748473310567
331.8743524925928,101325,0.7686030855523741,0.3436452694522204,0.6563547305477796,353.03399633547093,101325.0,0.1666793192142258,0.989099973378838,0.010900026621161983,377.7833754459551,101325.0,0.6019236088109576,0.13763888232685667,0.8623611176731434
371.49969490440867,101325,0.8881714822841478,0.351234114911808,0.648765885088192,353.15980308265046,101325.0,0.2365543723561992,0.9830512683873237,0.01694873161267632,379.99653461911794,101325.0,0.6516166342641875,0.0849957902225881,0.9150042097774118
354.202140625951,101325,0.6195959342497172,0.4961274149638511,0.503872585036149,352.91096414930865,101325.0,0.14571418201536374,0.9950192107437847,0.00498078925621517,370.7694584304417,101325.0,0.4738817364970252,0.32426228904974036,0.6757377109502597
376.9866247752605,101325,2.8242656252915954,0.4107477674146034,0.5892522325853966,353.53360898737515,101325.0,1.0225245949305626,0.965241801194004,0.034758198805995885,381.7849148355839,101325.0,1.8017372530040623,0.04435918027193075,0.9556408197280691
353.3721760921057,101325,1.9686870238115484,0.6754905457319225,0.32450945426807754,352.8558674807771,101325.0,0.4724846139845201,0.9976805718960706,0.002319428103929387,363.25002468564895,101325.0,1.4962024164228132,0.565860193397694,0.43413980660230594
335.7821209216142,101325,2.330818504847338,0.4640977303972887,0.5359022696027114,352.92269485825256,101325.0,0.5215221766993249,0.9944535354784082,0.005546464521591788,371.89886067532353,101325.0,1.8092962795860639,0.2919597275604928,0.7080402724395071
331.0728876195732,101325,0.6433524518840015,0.530853424764003,0.469146575235997,352.8935332329487,101325.0,0.14364728949792627,0.9958603780042724,0.004139621995727534,368.8140178050097,101325.0,0.4997051596029997,0.38246790264278535,0.6175320973572147
348.6026027707725,101325,1.2416089133437747,0.4567604487855821,0.5432395512144179,352.92971493598213,101325.0,0.2864080345674406,0.9941150086583942,0.005884991341605815,372.5105538883307,101325.0,0.9552008486915169,0.2748517618719194,0.7251482381280806
366.6191962733302,101325,1.4946795050665842,0.2596324182989287,0.7403675817010713,354.35508911156444,101325.0,0.3463229418707897,0.9268258698978867,0.07317413010211331,382.6029029812905,101325.0,1.1483558593482046,0.02630768056295341,0.9736923194370465
376.17270074319106,101325,1.5968304219171487,0.23162590756502868,0.7683740924349713,358.6552792575401,101325.0,0.4429340830570204,0.740491284082243,0.25950871591775704,383.26754842607744,101325.0,1.1538963804676816,0.011873787663441394,0.9881262123365585
370.6927845911195,101325,1.9749853094882752,0.5018841343003579,0.49811586569964206,352.9656278334363,101325.0,0.6806472450032638,0.9923826665983693,0.007617333401630787,375.0084936897149,101325.0,1.2943377747174014,0.207652129754955,0.792347870245045
378.9020982069348,101325,0.6358116837689252,0.3035613845440417,0.6964386154559583,358.13123275174974,101325.0,0.22879766524400086,0.7619402369089198,0.23805976309108018,383.23203538869666,101325.0,0.40701405672752494,0.012640079013275246,0.9873599209867248
341.16034437671914,101325,2.877007965157554,0.661998348245934,0.33800165175406605,352.8581123486518,101325.0,0.6694447173858296,0.9975720553990701,0.0024279446009299105,363.63877262071645,101325.0,2.2075632527470868,0.5520985632420988,0.44790143675790123
366.6643148988202,101325,2.1280155936423304,0.5329514310524306,0.4670485689475694,352.91173443115224,101325.0,0.6160796924439412,0.9949814945561966,0.005018505443803431,370.84912080135973,101325.0,1.511935887455491,0.3219519350021139,0.6780480649978862
334.50840811149106,101325,2.2701704889573793,0.37036734044017483,0.6296326595598252,352.99585569816827,101325.0,0.4983358723397982,0.9909338037298296,0.009066196270170416,376.47190399249536,101325.0,1.771834368721396,0.17014830509696155,0.8298516949030383
367.9856537696465,101325,2.248747542446564,0.35221122642893476,0.6477887735710652,353.05696696120896,101325.0,0.5343634690245401,0.9879945230710991,0.012005476928900815,378.3731062137027,101325.0,1.7143829797669359,0.12334238202941934,0.8766576179705806
378.6426294136302,101325,1.2235818111688213,0.7535344985668826,0.2464655014331174,352.8513535119349,101325.0,0.4614455347452729,0.9978988427550327,0.0021011572449674133,362.443122895697,101325.0,0.7621362829008892,0.5948773229977213,0.4051226770022788
347.4678723160677,101325,2.4866506259630805,0.6861999826113947,0.3138000173886053,352.85328725942577,101325.0,0.5891892437552391,0.9978053467407879,0.0021946532592120793,362.7927935112208,101325.0,1.897461389719179,0.5822241477160276,0.41777585228397246
359.1616475631678,101325,2.937864455704842,0.3719808029847681,0.6280191970152319,353.0110615466537,101325.0,0.6857762869526058,0.9902015458166129,0.009798454183387083,377.0551617469175,101325.0,2.2520877029148525,0.1555646141518361,0.8444353858481639
372.37849943186484,101325,0.5615330882718448,0.2641876607344592,0.7358123392655408,354.306623225306,101325.0,0.13214935816112455,0.9290660175631443,0.07093398243685561,382.5790176654044,101325.0,0.4293834208100735,0.026830222426041838,0.9731697775739583
370.88121615617786,101325,0.5460336004601958,0.4237782910639548,0.5762217089360452,353.02425998534835,101325.0,0.16378070151515575,0.989562643832476,0.010437356167523892,377.4966767056195,101325.0,0.38225263538231086,0.14465480740018039,0.8553451925998196
370.5787883424978,101325,1.041560464447808,0.45626818852117285,0.5437318114788272,352.9909883226959,101325.0,0.3273578231393442,0.9911625237872892,0.008837476212710839,376.2702627985883,101325.0,0.7142024327611033,0.17523411848574125,0.8247658815142589
335.2812381784229,101325,0.7848292267324217,0.47945561008692456,0.5205443899130755,352.9150293131097,101325.0,0.1757855099668466,0.9948230740806457,0.005176925919354278,371.17684985739913,101325.0,0.6090437035945132,0.3124990912965591,0.6875009087034409
347.57090520912,101325,2.604502138703951,0.36542880587949267,0.6345711941205073,353.0116241461519,101325.0,0.5899728820083747,0.9901749435372971,0.009825056462702935,377.0747382696152,101325.0,2.0145288705838262,0.15507901873424002,0.84492098126576
349.2255405379489,101325,1.9300463706176412,0.3336040226493546,0.6663959773506454,353.07709559151664,101325.0,0.43598507284865723,0.9870236306325404,0.01297636936745963,378.80183011285897,101325.0,1.4940606883470176,0.11307669795299091,0.886923302047009
355.97802707862195,101325,2.5526666294748037,0.5964285517374703,0.40357144826252966,352.8755670893919,101325.0,0.6106368310034936,0.996728308934115,0.0032716910658850723,366.4067684561413,101325.0,1.9420298030239376,0.4584012309474246,0.5415987690525754
366.286745540874,101325,2.209341976130402,0.616720928724288,0.38327907127571204,352.88718606136547,101325.0,0.735780854641958,0.9961668662310642,0.003833133768935789,368.0120333725423,101325.0,1.4735611378828957,0.40723210484347916,0.5927678951565207
339.6542326632241,101325,2.4866417522917192,0.6498799449676039,0.35012005503239607,352.8607399130326,101325.0,0.5756480569311171,0.9974450112774161,0.0025549887225839473,364.08444850090063,101325.0,1.9109936999206876,0.5365213949121145,0.4634786050878855
346.0128863153957,101325,1.334840046670685,0.7515621731050024,0.2484378268949976,352.8408723811501,101325.0,0.3177719657043657,0.9984058512531883,0.0015941487468116521,360.4400237384123,101325.0,1.0170680830367596,0.6698901552837982,0.33010984471620164
356.02282429977663,101325,1.352202205660907,0.6912356543570988,0.30876434564290123,352.85268609948014,101325.0,0.32721907524514426,0.9978344194501867,0.0021655805498134264,362.6847184324627,101325.0,1.024983134451994,0.5861224447418611,0.4138775552581389
375.4257726941547,101325,1.3107645016765574,0.38327721602119774,0.6167227839788023,354.2989180642989,101325.0,0.47187078392788934,0.929420675010804,0.07057932498919597,382.5751622407807,101325.0,0.8388933430774485,0.026915837683432215,0.9730841623165677
379.559056360287,101325,2.6136192878270914,0.5018520296008013,0.49814797039919867,352.9914444020192,101325.0,0.9628246431342606,0.9911394405828445,0.008860559417155377,376.2912480098591,101325.0,1.6507928554180673,0.17471049411678882,0.8252895058832111
351.18065860656816,101325,2.60627549352252,0.3408912837664028,0.6591087162335971,353.0613547944668,101325.0,0.5925878891349394,0.9877844739969945,0.01221552600300541,378.47221296330963,101325.0,2.0136864224240263,0.12096019610599087,0.8790398038940092
375.03906816913087,101325,1.922111056119288,0.37224380805236457,0.6277561919476354,354.51906538799756,101325.0,0.680780317133004,0.9192636828750325,0.08073631712496751,382.67455760670185,101325.0,1.241330858626668,0.024741851323464677,0.9752581486765353
364.0477208821913,101325,1.9180294899308985,0.7956519023270066,0.20434809767299345,352.84106809141815,101325.0,0.7137201418769852,0.9983963644616262,0.0016036355383737258,360.47918347309565,101325.0,1.204309353537139,0.6683792405843729,0.331620759415627
347.4042981976815,101325,1.607759925425548,0.49924169031735577,0.5007583096826442,352.90833794231685,101325.0,0.37200888651365566,0.9951458856027259,0.004854114397274072,370.4968804516094,101325.0,1.2357510033087227,0.33219908142340077,0.6678009185765992
378.717568848202,101325,2.3400754879710406,0.6124283935423642,0.3875716064576358,352.9000450411783,101325.0,0.871476820323062,0.9955457833123674,0.004454216687632518,369.5865453785725,101325.0,1.4685986879894875,0.35912292998947604,0.640877070010524
358.4552128102662,101325,2.763789515115013,0.32091713684147416,0.6790828631585258,353.138743414233,101325.0,0.6368563556800015,0.9840625493642323,0.015937450635767753,379.75568887124587,101325.0,2.126931497668052,0.0905933376564798,0.9094066623435203
335.47024768972676,101325,1.6914105312621954,0.5013199942866862,0.49868000571331383,352.9054389621076,101325.0,0.38019225168208515,0.995285785482305,0.004714214517695036,370.1871213358022,101325.0,1.3112182467065372,0.3412868501808922,0.6587131498191078
330.79729307392404,101325,2.6489096854232463,0.6709892093145204,0.32901079068547956,352.8556064854846,101325.0,0.6019661928605685,0.9976932251104226,0.0023067748895773212,363.2037614221584,101325.0,2.0469434967274314,0.5674928875260274,0.4325071124739725
367.5845016550071,101325,1.0118907726776936,0.3547999777536264,0.6452000222463736,353.05057849664865,101325.0,0.24034542288160038,0.9883015129394126,0.011698487060587407,378.2213427778771,101325.0,0.7715449256167958,0.12700233714525488,0.8729976628547451
365.65075390693187,101325,0.9761832115721929,0.24953393847748012,0.7504660615225198,354.83586822407005,101325.0,0.22524682978472366,0.9047724514515633,0.09522754854843686,382.7831762379601,101325.0,0.750936501238143,0.022372035032246634,0.9776279649677534
354.7359439693174,101325,2.3576843675657173,0.35385257937985115,0.6461474206201488,353.03771398165725,101325.0,0.542341703063748,0.9889203368625247,0.011079663137475344,377.88775198517953,101325.0,1.815342018032004,0.135093518464942,0.8649064815350579
344.4698869483961,101325,2.5961356124180965,0.4825927526283888,0.5174072473716111,352.9153519370951,101325.0,0.595017553283962,0.9948080193004449,0.005191980699555085,371.2075551590136,101325.0,2.001117971477542,0.3116224405512965,0.6883775594487035
347.62692674272137,101325,2.110148817407281,0.5744953264740162,0.42550467352598376,352.8811719999818,101325.0,0.4933146806929643,0.9964574789428889,0.0035425210571110935,367.20354184660994,101325.0,1.6168341381621045,0.4327252296368028,0.5672747703631972
360.44161658737113,101325,0.5743181833121243,0.6869005396589198,0.31309946034108016,352.85501554868586,101325.0,0.1475618866351162,0.9977217693556851,0.0022782306443148697,363.1001661750284,101325.0,0.42675629861958775,0.5711979165847245,0.4288020834152754
343.03555800243,101325,0.8243198376205771,0.653795351715031,0.346204648284969,352.8600573960621,101325.0,0.1924763835494383,0.9974780102803993,0.0025219897196005567,363.9697007897422,101325.0,0.6318434555679495,0.5405133190707637,0.45948668092923634
347.14468380508254,101325,2.6337689092762417,0.29472723384996624,0.7052727661500338,353.2557475270494,101325.0,0.5861136282206335,0.9784609605401626,0.021539039459837372,380.77440682920974,101325.0,2.047653394180349,0.06711897425081413,0.9328810257491857
374.03768944961945,101325,0.7847141221472296,0.3991407464086165,0.6008592535913835,353.5007747027354,101325.0,0.2732613293307652,0.966798009341579,0.03320199065842094,381.7107662589535,101325.0,0.5114517705725327,0.046011874058226966,0.9539881259417732
379.5692562770365,101325,2.587285891865629,0.5566481100876532,0.44335188991234675,352.9338793742802,101325.0,0.95923210171517,0.9939128103630681,0.006087189636931856,372.85473191172946,101325.0,1.6280537773911579,0.26534753727914606,0.734652462720854
372.0239843050013,101325,1.7656091231721684,0.7437597687258144,0.2562402312741856,352.85351629491265,101325.0,0.6600448930774376,0.9977942437285565,0.0022057562714435193,362.8338331309848,101325.0,1.1055642406745787,0.5807421809039484,0.4192578190960516
339.9518893746404,101325,1.005751936205271,0.7312404559763219,0.2687595440236781,352.8442512363513,101325.0,0.23540577601485763,0.998242393503424,0.0017576064965759473,361.10609232330313,101325.0,0.7703461621168355,0.6444671240272093,0.3555328759727907
379.58108880934026,101325,0.6189429875434456,0.5710502334860518,0.4289497665139482,352.9236849201544,101325.0,0.22981831082138562,0.9944046570945809,0.005595342905419073,371.990211606902,101325.0,0.3891246769766435,0.28939329308651607,0.7106067069134839
336.8160653986478,101325,1.0677515258302643,0.6633605620297458,0.3366394379702542,352.8575667035184,101325.0,0.2459231733180022,0.9975984390584406,0.002401560941559416,363.5448888957112,101325.0,0.8218283543096497,0.5554050866573805,0.4445949133426195
370.3690148545399,101325,0.7551868886788095,0.2979501705152497,0.7020498294847504,353.3646322965876,101325.0,0.17819835161095582,0.9732672319293412,0.026732768070658823,381.3020359139175,101325.0,0.5769878304006497,0.05517088874670696,0.944829111253293
345.2106434745043,101325,1.1859667860170857,0.3563738586481965,0.6436261413518035,353.02393665941725,101325.0,0.26658052796820547,0.989583019151083,0.010416980848917004,377.4836706054092,101325.0,0.9193860381904604,0.14497905112348775,0.8550209488765124
366.9112936708701,101325,0.8269681663799506,0.39099418497373684,0.6090058150262632,352.99113208990525,101325.0,0.1974780140660438,0.9911598378282911,0.008840162171708877,376.27280144821975,101325.0,0.6294900547024682,0.17517230532198014,0.8248276946780199
335.9403013983196,101325,2.9428050702417305,0.6338998924166677,0.36610010758333233,352.864231545221,101325.0,0.6738342927984257,0.9972762055219851,0.002723794478014795,364.6604006863738,101325.0,2.268970783067234,0.5166764635599164,0.48332353644008363
372.20933423437833,101325,0.8043247394338933,0.6188042172136563,0.3811957827863437,352.89610303417936,101325.0,0.2973614018657084,0.9957361538685414,0.004263846131458619,369.1252681489228,101325.0,0.5069633445127224,0.3730089295586151,0.6269910704413849
342.2523180999647,101325,2.280325423754139,0.7920720464540731,0.20792795354592686,352.83411558402287,101325.0,0.5408688993402527,0.9987327324805069,0.0012672675194930962,359.0482364124814,101325.0,1.7394565285288064,0.724650750349231,0.27534924965076907
341.63409231859566,101325,2.823615585349056,0.28551671803253065,0.7144832819674694,353.31089591052455,101325.0,0.6182350218807698,0.9758282965225032,0.02417170347749673,381.07328644143905,101325.0,2.2053780078870933,0.06033308839431845,0.9396669116056815
337.2294024592498,101325,2.227083083749596,0.5442764944427296,0.45572350555727037,352.8896673703848,101325.0,0.5056829457340292,0.9960470803216622,0.003952919678337704,368.33124567934226,101325.0,1.7214001336828377,0.3973044596892202,0.60269554031078
334.24213450611353,101325,2.764548943036457,0.5933630526519887,0.40663694734801126,352.8744692706723,101325.0,0.6271728146436284,0.9967813653689869,0.0032186346310130605,366.2456715196521,101325.0,2.137376132666432,0.4636616738089024,0.5363383261910977
368.8196852876331,101325,0.6133716232676198,0.4355553388828297,0.5644446611171703,352.97114976750413,101325.0,0.16593960944733,0.992119603429227,0.007880396570773064,375.30984187209685,101325.0,0.4474319508179279,0.19981674030555033,0.8001832596944497
337.08877680987723,101325,1.4201994009818628,0.5732259333738562,0.4267740666261438,352.88048572585615,101325.0,0.32357832373999257,0.9964906402504661,0.0035093597495339268,367.10828294576436,101325.0,1.0966210780312238,0.43576644045941315,0.564233559540587
350.1297664688446,101325,1.6808032882380104,0.43300742333381204,0.566992576666188,352.9451176742043,101325.0,0.38777491107478723,0.9933727532985137,0.006627246701486218,373.7004563973677,101325.0,1.2930283245650451,0.24231823304700928,0.7576817669529907
375.78399832554123,101325,0.9719913659756272,0.7196799298210339,0.2803200701789661,352.8602227387206,101325.0,0.3642103761682573,0.9974699480691724,0.0025300519308275263,363.99812582110815,101325.0,0.6077809976172588,0.5395327667133551,0.46046723328664485
362.94326939555157,101325,1.689674327657611,0.213703037893463,0.786296962106537,357.0826956629787,101325.0,0.38567978943361475,0.805871451437526,0.19412854856247388,383.1455684958396,101325.0,1.3039946755245726,0.014507302526695269,0.9854926974733048
341.9511167320777,101325,2.302518346942436,0.7487013783330128,0.25129862166698724,352.8412321414717,101325.0,0.5426960786585064,0.9983884463011362,0.0016115536988638966,360.5118902906662,101325.0,1.7598222719357584,0.6671235908181196,0.33287640918188044
372.7101125169447,101325,2.7952167712747755,0.3450747989886873,0.6549252010113127,353.36672746927184,101325.0,0.7939992483585442,0.9731674320369526,0.026832567963047546,381.3099930098429,101325.0,2.0012147376810323,0.05499208987767351,0.9450079101223264
349.9196948008694,101325,2.75380685500473,0.3588879593539928,0.6411120406460071,353.02392533668746,101325.0,0.6266007755640908,0.9895833743315973,0.010416625668402808,377.4834315408584,101325.0,2.127205549222126,0.14498475090310933,0.8550152490968906
344.93681567379696,101325,1.3479715774004486,0.28080398413596414,0.7191960158640358,353.38897241833627,101325.0,0.29719490648276214,0.9721088314602048,0.027891168539795178,381.3904166253336,101325.0,1.0507755381035644,0.053183502295000934,0.946816497704999
341.45021818400295,101325,2.663315863938712,0.5852126397025218,0.4147873602974782,352.8774004621129,101325.0,0.6142017169110736,0.9966397163426046,0.0033602836573952523,366.6721302562521,101325.0,2.0491141504678336,0.44978879358743806,0.5502112064125619
343.4695727379051,101325,0.5731706552698907,0.7713949286131878,0.2286050713868122,352.8374544340153,101325.0,0.1359754191562435,0.9985712178081361,0.0014287821918639613,359.745916804115,101325.0,0.43719523679521666,0.696912718421135,0.30308728157886494
362.4713815377247,101325,1.5263161208625444,0.6886865339041552,0.31131346609584476,352.8599670344172,101325.0,0.467793490911817,0.9974823495027112,0.0025176504972888765,363.9547530213097,101325.0,1.058522636586115,0.5410399720638537,0.45896002793614626
349.4099885532975,101325,0.7017699813684068,0.4806000112039054,0.5193999887960946,352.9173168121846,101325.0,0.16276029892055496,0.994713282246136,0.0052867177538640266,371.39765764084297,101325.0,0.5390096572860423,0.30618177492060905,0.693818225079391
334.0445346987467,101325,2.265995447216423,0.3430561602969382,0.6569438397030618,353.0371905582433,101325.0,0.4939953952394689,0.9889463565231534,0.011053643476846526,377.87290310325045,101325.0,1.7719995448253052,0.13545599941991116,0.8645440005800888
378.6596795596212,101325,1.904963920635609,0.4784256855767292,0.5215743144232707,353.03406951573436,101325.0,0.6987504076175979,0.9890874869718956,0.010912513028104436,377.7904725808586,101325.0,1.2062119257967239,0.1374603260818074,0.8625396739181925
375.1424706396314,101325,2.301323192674902,0.37208605261828037,0.6279139473817197,354.62813625160027,101325.0,0.8213001538745902,0.9142584624603203,0.0857415375396798,382.71570575040965,101325.0,1.4800234064090207,0.023843611753301523,0.9761563882466985
365.04582613663905,101325,0.7916784914910603,0.25051657126966387,0.7494834287303361,354.7636061427462,101325.0,0.18241565666699058,0.9080728147984963,0.09192718520150359,382.76108654875463,101325.0,0.6092629154450193,0.022853965531475017,0.977146034468525
374.0392280461673,101325,0.8352196229001841,0.3727697698166542,0.6272302301833458,353.70014145777463,101325.0,0.27546578800778937,0.957391870019777,0.042608129980222995,382.0728545804833,101325.0,0.5597499215348088,0.03796954149686738,0.9620304585031326
336.0798014594544,101325,2.161684684779924,0.27572591552734865,0.7242740844726514,353.38843260140766,101325.0,0.4655077900373269,0.9721345774176299,0.027865422582370042,381.3885416358589,101325.0,1.6961751729412629,0.053225707963406976,0.946774292036593
354.32320306193554,101325,2.5821843084027236,0.23846268258388634,0.7615373174161136,355.09500946913136,101325.0,0.57762466751967,0.8930210245058797,0.10697897549412035,382.8524543292149,101325.0,2.004560128624424,0.020863759528749807,0.9791362404712503
375.4278900762726,101325,2.6672205734725076,0.2316624711607511,0.7683375288392489,357.7374661628122,101325.0,0.6957292252664641,0.7782769320258398,0.22172306797416033,383.20234263349397,101325.0,1.9714914974507034,0.01328069487479474,0.9867193051252052
349.71658975170953,101325,1.0349101744388272,0.34358267254040975,0.6564173274595902,353.0532948424991,101325.0,0.23459446656063587,0.9881717810751068,0.01182821892489319,378.2865660567688,101325.0,0.8003153209780556,0.12542874329670117,0.8745712567032988
338.4908073536393,101325,0.6601698014024087,0.38704853252962135,0.6129514674703787,352.97922485307737,101325.0,0.14682549904809405,0.9917337222672916,0.008266277732708395,375.72151381719016,101325.0,0.513344241378156,0.18921181202385837,0.8107881879761417
352.09789741522155,101325,1.3085507750199252,0.4807500310278809,0.5192499689721191,352.9178081955689,101325.0,0.30550827449933465,0.9946895570191032,0.005310442980896849,371.4446454650624,101325.0,1.0030424531202478,0.30484108071221794,0.695158919287782
376.4313146402002,101325,1.2632517287361609,0.610816407118461,0.38918359288153903,352.90049462443767,101325.0,0.46907240289748553,0.9955240732883813,0.004475926711618639,369.63799583154463,101325.0,0.7941793367401979,0.35758474892533887,0.6424152510746611
352.75083737452616,101325,2.701484953371396,0.7127301084277005,0.28726989157229954,352.848231411226,101325.0,0.6503396068721038,0.9980498688334392,0.0019501311665608427,361.86569730577025,101325.0,2.0511453530557304,0.6160630476456874,0.3839369523543126
366.1473770607144,101325,2.6745146529970953,0.6971272207115069,0.3028727792884931,352.8662487604904,101325.0,0.9887011130921073,0.9971786106602931,0.0028213893397070187,364.9854565265688,101325.0,1.6858135671985823,0.5056269209959605,0.49437307900403943
347.27232494114025,101325,2.832517454334115,0.7207673550996154,0.2792326449003846,352.84646588094506,101325.0,0.6737125460668633,0.9981352661733498,0.0018647338266500851,361.53204068671073,101325.0,2.1588049144925487,0.6284631711264621,0.3715368288735379
372.45146218646283,101325,1.5415963110993685,0.3229374489258341,0.6770625510741659,353.42138532624426,101325.0,0.40882791253521755,0.9705673149557587,0.029432685044241336,381.49630424497246,101325.0,1.1327669701196248,0.05080760274047718,0.9491923972595228
348.67353740034775,101325,0.579064397512888,0.2410483235163698,0.7589516764836302,354.76476029207225,101325.0,0.12769792817982037,0.9080204777601251,0.09197952223987502,382.7614464677646,101325.0,0.4513664946112046,0.022846059408495878,0.9771539405915041
363.1914658486643,101325,2.2935803257252627,0.5496822701816364,0.4503177298183636,352.89110709644797,101325.0,0.5552031772508746,0.9959775270793436,0.004022472920656448,368.51323509553384,101325.0,1.738377145149369,0.3916884476687418,0.6083115523312581
348.50211609363697,101325,1.7769695780961055,0.33919285929532805,0.660807140704672,353.06188434311,101325.0,0.4011986702730758,0.9877591546063389,0.012240845393661106,378.48391015817685,101325.0,1.3757701141922816,0.12067943496744041,0.8793205650325596
337.93622202588824,101325,2.4736691739041676,0.4629728429673218,0.5370271570326782,352.9237577835423,101325.0,0.5563331392718928,0.9944022738869184,0.005597726113081614,371.9944599723417,101325.0,1.9173359818383628,0.2892684424886727,0.7107315575113272
360.5670687415921,101325,2.1453526021773928,0.717641730454863,0.282358269545137,352.8507917462414,101325.0,0.6088203278948315,0.9979260388023382,0.002073961197661769,362.34026179514217,101325.0,1.5365322805662232,0.5986244875230811,0.40137551247691905
346.12295043792477,101325,1.8136798274310153,0.35773306490053824,0.6422669350994618,353.02247779125776,101325.0,0.40871734613515404,0.9896531214713438,0.010346878528656244,377.4377490820547,101325.0,1.404962152736187,0.14610835961554153,0.8538916403844586
358.270688668721,101325,1.1206933242010257,0.27851137373098156,0.7214886262690184,353.5613456549675,101325.0,0.2553067146561297,0.9639287006860268,0.036071299313973244,381.84215624509216,101325.0,0.8653855285943579,0.04308525021451192,0.9569147497854881
371.3195538526145,101325,0.6337777887650238,0.6399579616432949,0.3600420383567051,352.88683723112933,101325.0,0.2345194246289637,0.9961837188381053,0.00381628116189455,367.96625857323056,101325.0,0.39925836923549185,0.40865469022016254,0.5913453097798375
373.88617938667835,101325,1.61595213093134,0.21582063867149082,0.7841793613285092,357.34847818730077,101325.0,0.3797563974909867,0.7946057744557753,0.20539422554422468,383.1698970770823,101325.0,1.2361958455536544,0.013981497703340841,0.9860185022966591
330.7060385214295,101325,1.1455159467514218,0.5896673646593867,0.41033263534061326,352.875182770027,101325.0,0.2575396067318686,0.9967468853522163,0.0032531146477836406,366.35058226996864,101325.0,0.8879763416254975,0.46023417327714083,0.5397658267228592
